model,epochs,final_loss,test_loss,test_accuracy,test_precision,test_recall,test_f1
electra_small_discriminator,5,0.6102482204318351,0.5712396486869553,0.70692,0.7077434872059344,0.70692,0.7066292724253325
electra_small_discriminator,10,0.607286491166905,0.5772412115579371,0.69332,0.7059978681995411,0.69332,0.6885277117930757
