model,epochs,train_loss,test_loss,accuracy,precision,recall,f1
albert,20,0.25746957186468883,0.2492492484216002,0.89784,0.8978742642950422,0.89784,0.8978378004887093
albert,20,0.24561121162344116,0.2455167022437782,0.89908,0.8990827814473534,0.89908,0.8990798241566855
albert,20,0.25216036084717613,0.2472280501212236,0.89836,0.8983759120900311,0.89836,0.8983589850534811
albert,20,0.2355921784688743,0.24449273991807866,0.89944,0.8994498271048665,0.89944,0.899439381511972
