model,epochs,train_loss,test_loss,accuracy,precision,recall,f1
albert,5,0.2833152227199047,0.2803317920947763,0.88324,0.88699317998215,0.88324,0.8829562182685945
albert,10,0.2678992950410528,0.26012400584206014,0.892,0.8931703870920051,0.892,0.8919195667144776
