model,epochs,train_loss,test_loss,accuracy,precision,recall,f1
roberta,5,0.3628514425844545,0.28243260232520767,0.89084,0.8908526098432398,0.89084,0.8908391195520026
