model,epochs,train_loss,test_loss,accuracy,precision,recall,f1
roberta,5,0.3628514425844545,0.28243260232520767,0.89084,0.8908526098432398,0.89084,0.8908391195520026
roberta,10,0.33714114437004883,0.2582549993586336,0.8986,0.8988532877918792,0.8986,0.8985838991798338
distilbert,5,0.35136115638466503,0.32038951759308254,0.86156,0.863700727351239,0.86156,0.8613559867764392
distilbert,10,0.34054813437731085,0.3177922456400136,0.8644,0.8661249793876862,0.8644,0.8642400935107187
