model,epochs,train_loss,test_loss,accuracy,precision,recall,f1
albert,5,0.2811907353040525,0.25692854583399255,0.89408,0.894129439596903,0.89408,0.8940766782446298
albert,10,0.2663260105072556,0.2536589152400721,0.89468,0.8947946332013677,0.89468,0.894672354224062
