model,epochs,train_loss,test_loss,accuracy,precision,recall,f1
bert,5,0.36526298005269725,0.3235055832508105,0.86032,0.8612849278781595,0.86032,0.8602266725665421
bert,10,0.35591852311247524,0.3204167341737176,0.86104,0.8631021039061155,0.86104,0.8608424265263555
