model,epochs,train_loss,test_loss,accuracy,precision,recall,f1
modern_bert,5,0.49260432925730735,0.4636849315356766,0.78532,0.7918160111709117,0.78532,0.7841185853866504
