model,epochs,train_loss,test_loss,accuracy,precision,recall,f1
bert,5,0.3616944769980125,0.3233593053822611,0.85996,0.8601075207827057,0.85996,0.8599456564184348
bert,10,0.35469043012219825,0.324233791508467,0.85956,0.8626888054872395,0.85956,0.8592564621274997
