model,epochs,final_loss,test_loss,test_accuracy,test_precision,test_recall,test_f1
albert,10,0.2691748679465997,0.25516357388101896,0.895,0.8951168913811463,0.895,0.894992233625599
albert,20,0.25201528898356285,0.24770162739598514,0.89668,0.8967235723086361,0.89668,0.8966771630028708
albert,40,0.21890696750683275,0.24510428209992285,0.89812,0.8981200636992103,0.89812,0.8981199959247999
