model,epochs,train_loss,test_loss,accuracy,precision,recall,f1
electra_small_discriminator,5,0.5597349324824332,0.5101495889883657,0.74804,0.753062577101854,0.74804,0.7467835924496012
electra_small_discriminator,10,0.5553725095261997,0.5083113933221621,0.74848,0.7530288119036536,0.74848,0.7473444747091047
