model,epochs,train_loss,test_loss,accuracy,precision,recall,f1
roberta,5,0.36236104718573336,0.28572647565509823,0.88728,0.8888728230833495,0.88728,0.8871644564033571
roberta,10,0.34426345418535664,0.26115631355331426,0.89568,0.8969390678595603,0.89568,0.8955972100910023
