model,epochs,final_loss,test_loss,test_accuracy,test_precision,test_recall,test_f1
roberta,10,0.5588990492997685,0.5497195628005117,0.83668,0.836770577814609,0.83668,0.836669017624745
roberta,20,0.42754689197431983,0.3750193734639589,0.86092,0.8609316445210882,0.86092,0.8609188782273043
roberta,40,0.365043473392439,0.2845715783400579,0.8848,0.8848569070974822,0.8848,0.8847957413132916
