model,epochs,train_loss,test_loss,accuracy,precision,recall,f1
albert,5,0.28095049017568685,0.2589164071089929,0.89344,0.8935427719633101,0.89344,0.8934330426269942
albert,10,0.27030798302167824,0.25769816545764807,0.89316,0.8943442315009668,0.89316,0.8930797285369964
