model,run_type,original_epochs,test_loss,test_accuracy,test_precision,test_recall,test_f1
electra_small_discriminator,sentiment_naive_baseline,5,0.7214524350487269,0.5703794369645043,0.5293296089385475,0.9643765903307888,0.6834986474301172
electra_small_discriminator,regularized,5,0.7567426143930509,0.4883720930232558,0.484548825710754,0.9974554707379135,0.6522462562396006
electra_small_discriminator,causal_phrases,5,0.666974826500966,0.5556915544675642,0.5201612903225806,0.9847328244274809,0.6807387862796834
