dataset,model,run_type,original_epochs,test_loss,test_accuracy,test_precision,test_recall,test_f1
CF Test Ltd Paper,roberta,sentiment_naive_baseline,5,0.6290430892258883,0.6741803278688525,0.65,0.7489711934156379,0.6959847036328872
CF Test Ltd Paper,roberta,sentiment_naive_baseline,10,0.5643110666424036,0.7418032786885246,0.7577092511013216,0.7078189300411523,0.7319148936170212
CF Test Ltd Paper,roberta,regularized,5,0.6407686118036509,0.6516393442622951,0.6442687747035574,0.6707818930041153,0.657258064516129
CF Test Ltd Paper,roberta,regularized,10,0.589666685089469,0.7090163934426229,0.7393364928909952,0.6419753086419753,0.6872246696035242
CF Test Ltd Paper,roberta,causal_phrases,5,0.5758412815630436,0.7172131147540983,0.7638190954773869,0.6255144032921811,0.6877828054298643
CF Test Ltd Paper,roberta,causal_phrases,10,0.5384072363376617,0.7418032786885246,0.7276264591439688,0.7695473251028807,0.748
CF Test Ltd Paper,albert,sentiment_naive_baseline,5,0.3815384767949581,0.8442622950819673,0.8380566801619433,0.8518518518518519,0.8448979591836735
CF Test Ltd Paper,albert,sentiment_naive_baseline,10,0.36974253319203854,0.860655737704918,0.8301886792452831,0.9053497942386831,0.8661417322834646
