dataset,model,run_type,original_epochs,test_loss,test_accuracy,test_precision,test_recall,test_f1
OOD Genres,roberta,sentiment_naive_baseline,5,0.8135957333904046,0.5463414634146342,0.5476772616136919,0.9955555555555555,0.7066246056782335
OOD Genres,roberta,sentiment_naive_baseline,10,0.8047681817641625,0.5439024390243903,0.5469135802469136,0.9844444444444445,0.7031746031746032
OOD Genres,roberta,regularized,5,0.8229972754533474,0.5463414634146342,0.5476772616136919,0.9955555555555555,0.7066246056782335
