model,run_type,original_epochs,test_loss,test_accuracy,test_precision,test_recall,test_f1
t5,sentiment_naive_baseline,5,0.6074223392284833,0.6487148102815178,0.5974264705882353,0.8269720101781171,0.6937033084311632
t5,sentiment_naive_baseline,10,0.5839059089238827,0.6793145654834761,0.6433260393873085,0.7480916030534351,0.691764705882353
t5,regularized,5,0.5948056933971552,0.6450428396572827,0.5944954128440367,0.8244274809160306,0.6908315565031983
t5,regularized,10,0.5462477104021952,0.7209302325581395,0.6845637583892618,0.7786259541984732,0.7285714285714285
t5,causal_phrases,5,0.12476805970072746,0.9718482252141983,0.9534313725490197,0.989821882951654,0.9712858926342073
t5,causal_phrases,10,0.08895161597488019,0.9791921664626683,0.97,0.9872773536895675,0.978562421185372
