model,lambda_reg,regularized_epochs,epoch,train_loss,test_loss,test_accuracy,test_precision,test_recall,test_f1
bert,0.005,5,1,0.3608852163720131,,,,,
bert,0.005,5,2,0.35655647654533384,,,,,
bert,0.005,5,3,0.3543811937355995,,,,,
bert,0.005,5,4,0.35480284232378007,,,,,
bert,0.005,5,5,0.35171512164592744,,,,,
bert,0.005,5,final_test,,0.3057973682445427,0.86912,0.8580074487895717,0.88464,0.8711202142744604
