model,lambda_reg,regularized_epochs,epoch,train_loss,test_loss,test_accuracy,test_precision,test_recall,test_f1
roberta,0.005,5,1,0.34934081017255786,,,,,
roberta,0.005,5,2,0.34523786972522735,,,,,
roberta,0.005,5,3,0.34100122441053393,,,,,
roberta,0.005,5,4,0.33952098567724226,,,,,
roberta,0.005,5,5,0.3352009706926346,,,,,
roberta,0.005,5,final_test,,0.2590501389918481,0.89804,0.8910019646365422,0.90704,0.8989494549058473
