model,optimizer,hidden_layers,learning_rate,epoch,train_loss,val_loss,accuracy,precision,recall,f1,best_val_loss,best_accuracy,best_f1
distilbert,adam,0_hidden,1e-05,1,0.49075274539056085,0.44219791733970243,0.8498694516971279,0.722278084927977,0.8498694516971279,0.7808962781296123,0.44219791733970243,0.8498694516971279,0.7808962781296123
distilbert,adam,0_hidden,1e-05,2,0.4395835365779095,0.4202555452163021,0.8498694516971279,0.722278084927977,0.8498694516971279,0.7808962781296123,0.4202555452163021,0.8498694516971279,0.7808962781296123
