model,original_epochs,regularized_epochs,lambda_reg,final_loss,test_loss,test_accuracy,test_precision,test_recall,test_f1
albert,5,10,0.0,0.2554741223551789,0.2521242593624154,0.89532,0.8954142642299412,0.89532,0.8953137608676456
albert,5,10,0.01,0.2293977071436084,0.25205352780770285,0.89636,0.8963656036583582,0.89636,0.8963596336934893
albert,5,10,0.025,0.2079070850598569,0.2631471795695169,0.89316,0.8931699871467456,0.89316,0.8931593215189554
albert,5,10,0.05,0.1900576296813634,0.2833646741144511,0.88892,0.8900372188653606,0.88892,0.8888403988764185
albert,5,10,0.1,0.1863647091145418,0.2872913923798775,0.88852,0.8885588558855886,0.88852,0.8885172129303232
albert,5,10,0.25,0.20428884515956958,0.30774622334509477,0.88692,0.8877927483658888,0.88692,0.8868563410327485
albert,5,10,0.5,0.2572227835047002,0.3218933164465184,0.88412,0.8841310359310098,0.88412,0.8841191676975101
albert,5,10,1,0.38403503900888014,0.32104004022418237,0.88412,0.8841310359310098,0.88412,0.8841191676975101
