model,original_epochs,regularized_epochs,final_loss,test_loss,test_accuracy,test_precision,test_recall,test_f1
roberta,5,5,0.023491553269098023,0.33057179847432067,0.87448,0.8759063993868573,0.87448,0.8743608136422535
roberta,10,5,0.002229044973716864,0.28913978978400795,0.88964,0.890112441771483,0.88964,0.8896065772873395
