model,original_epochs,regularized_epochs,final_loss,test_loss,test_accuracy,test_precision,test_recall,test_f1
roberta,5,10,0.10343208074569703,0.33100957751274107,0.87472,0.8757485675155424,0.87472,0.8746342064708078
roberta,10,10,0.18910092115402222,0.29464886963367465,0.89048,0.8904908862611235,0.89048,0.8904792366840879
albert,5,10,0.08123105376958847,0.26895316362380983,0.89028,0.8904773278738319,0.89028,0.890266136487045
