model,epochs,final_loss,test_loss,test_accuracy,test_precision,test_recall,test_f1
electra_small_discriminator,5,0.6130992852375435,0.5721057812067766,0.70716,0.707988654754216,0.70716,0.7068680307093524
electra_small_discriminator,10,0.6088503263199551,0.567530812425104,0.71,0.7117737983601322,0.71,0.7093914722525279
modern_bert,5,0.49215560613804266,0.53053579118129,0.73592,0.7751515992941789,0.73592,0.7261588103031316
modern_bert,10,0.4791332926512985,0.47916592483337844,0.76624,0.7724690344837072,0.76624,0.7648962977040459
