model,epochs,final_loss,test_loss,test_accuracy,test_precision,test_recall,test_f1
electra_small_discriminator,10,0.6058155273080177,0.5625947155534764,0.71464,0.7146896018856196,0.71464,0.7146235166543219
electra_small_discriminator,20,0.6002477199372733,0.5546051568311193,0.7218,0.7218465146474647,0.7218,0.7217854166592563
electra_small_discriminator,40,0.5962792045015204,0.5479001444395241,0.72512,0.7251407489714251,0.72512,0.7251136666188788
electra_small_discriminator,60,0.5956427045261768,0.5465891086079581,0.72616,0.7261639139022286,0.72616,0.7261588152534983
electra_small_discriminator,80,0.5884981052497463,0.544452704279624,0.7276,0.7276134251860897,0.7276,0.7275959832393305
