model,epochs,final_loss,test_loss,test_accuracy,test_precision,test_recall,test_f1
roberta,10,0.5531539261455499,0.5433466160861788,0.81452,0.814520018116353,0.81452,0.814519997329088
roberta,20,0.45688894154624304,0.4100195822602118,0.82588,0.8260741314949268,0.82588,0.8258540801212853
