model,epochs,final_loss,test_loss,test_accuracy,test_precision,test_recall,test_f1
deberta,10,0.6870294331550598,0.6871932101821899,0.66928,0.7329766227821507,0.66928,0.6450165726254257
deberta,20,0.656594695634842,0.6580304476928711,0.75244,0.7548718295890972,0.75244,0.7518480718901516
deberta,40,0.5613823592823743,0.5108296854925156,0.7816,0.7816001802241154,0.7816,0.7815999650559944
deberta,60,0.5493633502680063,0.4728550604748726,0.78808,0.7903200706460877,0.78808,0.7876704233809756
deberta,80,0.5378941718828678,0.4527724599844217,0.79708,0.7980172542512405,0.79708,0.7969203303155797
deberta,100,0.5347823295912146,0.4442261445620656,0.8006,0.8015375337454806,0.8006,0.8004448869281179
