model,epochs,final_loss,test_loss,test_accuracy,test_precision,test_recall,test_f1
bert,10,0.45183583761321683,0.42101954076241316,0.80736,0.8074371376994968,0.80736,0.8073479156282949
bert,20,0.4383273336533469,0.4105529414557793,0.81136,0.8113617934439302,0.81136,0.8113597283580087
bert,40,0.4342975325010102,0.40247337901708563,0.81644,0.8164452676745039,0.81644,0.816439236093525
