model,epochs,final_loss,test_loss,test_accuracy,test_precision,test_recall,test_f1
roberta,5,0.4482394904374924,0.4075751450706466,0.81656,0.821413176458014,0.81656,0.8158649133224674
roberta,10,0.4391999054349773,0.4009026389078059,0.81884,0.8258624132116912,0.81884,0.8178587028330352
distilbert,5,0.4224944856310989,0.4008419531816408,0.8152,0.8152728406371007,0.8152,0.8151893253354313
distilbert,10,0.4144119880926662,0.39787630328011203,0.8164,0.8167748586967876,0.8164,0.816345667702333
